"Time","neo4j"
2024-03-03 17:15:00,989626368
2024-03-03 17:15:15,989626368
2024-03-03 17:15:30,989626368
2024-03-03 17:15:45,989626368
2024-03-03 17:16:00,989626368
2024-03-03 17:16:15,989626368
2024-03-03 17:16:30,989626368
2024-03-03 17:16:45,989626368
2024-03-03 17:17:00,989626368
2024-03-03 17:17:15,989626368
2024-03-03 17:17:30,989626368
2024-03-03 17:17:45,989626368
2024-03-03 17:18:00,989626368
2024-03-03 17:18:15,989626368
2024-03-03 17:18:30,989626368
2024-03-03 17:18:45,989626368
2024-03-03 17:19:00,989626368
2024-03-03 17:19:15,989626368
2024-03-03 17:19:30,989626368
2024-03-03 17:19:45,350482432
2024-03-03 17:20:00,350298112
2024-03-03 17:20:15,350330880
2024-03-03 17:20:30,350396416
2024-03-03 17:20:45,350195712
2024-03-03 17:21:00,353599488
2024-03-03 17:21:15,353595392
2024-03-03 17:21:30,349470720
2024-03-03 17:21:45,577380352
2024-03-03 17:22:00,579993600
2024-03-03 17:22:15,581320704
2024-03-03 17:22:30,593858560
2024-03-03 17:22:45,599625728
2024-03-03 17:23:00,602648576
2024-03-03 17:23:15,600694784
2024-03-03 17:23:30,600760320
2024-03-03 17:23:45,600674304
2024-03-03 17:24:00,600670208
2024-03-03 17:24:15,600670208
2024-03-03 17:24:30,600670208
2024-03-03 17:24:45,600657920
2024-03-03 17:25:00,600653824
2024-03-03 17:25:15,644218880
2024-03-03 17:25:30,688492544
2024-03-03 17:25:45,688484352
2024-03-03 17:26:00,688484352
2024-03-03 17:26:15,688746496
2024-03-03 17:26:30,688435200
2024-03-03 17:26:45,687575040
2024-03-03 17:27:00,687575040
2024-03-03 17:27:15,687706112
2024-03-03 17:27:30,694329344
2024-03-03 17:27:45,694341632
2024-03-03 17:28:00,707682304
2024-03-03 17:28:15,707407872
2024-03-03 17:28:30,707211264
2024-03-03 17:28:45,707276800
2024-03-03 17:29:00,707096576
2024-03-03 17:29:15,707096576
2024-03-03 17:29:30,707158016
2024-03-03 17:29:45,707166208
2024-03-03 17:30:00,721260544
2024-03-03 17:30:15,721321984
2024-03-03 17:30:30,721321984
2024-03-03 17:30:45,721321984
2024-03-03 17:31:00,721141760
2024-03-03 17:31:15,721141760
2024-03-03 17:31:30,722292736
2024-03-03 17:31:45,723767296
2024-03-03 17:32:00,723767296
2024-03-03 17:32:15,723767296
2024-03-03 17:32:30,723767296
2024-03-03 17:32:45,723587072
2024-03-03 17:33:00,723587072
2024-03-03 17:33:15,723587072
2024-03-03 17:33:30,723587072
2024-03-03 17:33:45,723496960
2024-03-03 17:34:00,723496960
2024-03-03 17:34:15,723496960
2024-03-03 17:34:30,723496960
2024-03-03 17:34:45,723406848
2024-03-03 17:35:00,723726336
2024-03-03 17:35:15,723726336
2024-03-03 17:35:30,723726336
2024-03-03 17:35:45,723705856
2024-03-03 17:36:00,723705856
2024-03-03 17:36:15,735457280
2024-03-03 17:36:30,736628736
2024-03-03 17:36:45,734347264
2024-03-03 17:37:00,734412800
2024-03-03 17:37:15,734457856
2024-03-03 17:37:30,734576640
2024-03-03 17:37:45,734785536
2024-03-03 17:38:00,737210368
2024-03-03 17:38:15,737136640
2024-03-03 17:38:30,737136640
2024-03-03 17:38:45,737136640
2024-03-03 17:39:00,737136640
2024-03-03 17:39:15,737058816
2024-03-03 17:39:30,737058816
2024-03-03 17:39:45,737185792
2024-03-03 17:40:00,745533440
2024-03-03 17:40:15,745533440
2024-03-03 17:40:30,745529344
2024-03-03 17:40:45,745660416
2024-03-03 17:41:00,745517056
2024-03-03 17:41:15,744591360
2024-03-03 17:41:30,744591360
2024-03-03 17:41:45,744579072
2024-03-03 17:42:00,744628224
2024-03-03 17:42:15,744636416
2024-03-03 17:42:30,745148416
2024-03-03 17:42:45,745148416
2024-03-03 17:43:00,744923136
2024-03-03 17:43:15,744923136
2024-03-03 17:43:30,744751104
2024-03-03 17:43:45,744751104
2024-03-03 17:44:00,744751104
2024-03-03 17:44:15,744751104
2024-03-03 17:44:30,750481408
2024-03-03 17:44:45,750407680
2024-03-03 17:45:00,750407680
2024-03-03 17:45:15,750407680
2024-03-03 17:45:30,750329856
2024-03-03 17:45:45,750329856
2024-03-03 17:46:00,750358528
2024-03-03 17:46:15,745766912
2024-03-03 17:46:30,745766912
2024-03-03 17:46:45,745766912
2024-03-03 17:47:00,745766912
2024-03-03 17:47:15,745598976
2024-03-03 17:47:30,745598976
2024-03-03 17:47:45,745598976
2024-03-03 17:48:00,745598976
2024-03-03 17:48:15,745521152
2024-03-03 17:48:30,745521152
2024-03-03 17:48:45,745521152
2024-03-03 17:49:00,745521152
2024-03-03 17:49:15,745435136
2024-03-03 17:49:30,745431040
2024-03-03 17:49:45,745431040
2024-03-03 17:50:00,745439232
2024-03-03 17:50:15,745439232
2024-03-03 17:50:30,745439232
2024-03-03 17:50:45,748974080
2024-03-03 17:51:00,749076480
2024-03-03 17:51:15,749133824
2024-03-03 17:51:30,749338624
2024-03-03 17:51:45,749273088
2024-03-03 17:52:00,749289472
2024-03-03 17:52:15,749297664
2024-03-03 17:52:30,749441024
2024-03-03 17:52:45,749355008
2024-03-03 17:53:00,749355008
2024-03-03 17:53:15,749355008
2024-03-03 17:53:30,749355008
2024-03-03 17:53:45,749264896
2024-03-03 17:54:00,749264896
2024-03-03 17:54:15,749264896
2024-03-03 17:54:30,758587392
2024-03-03 17:54:45,759676928
2024-03-03 17:55:00,759676928
2024-03-03 17:55:15,759676928
2024-03-03 17:55:30,759590912
2024-03-03 17:55:45,759373824
2024-03-03 17:56:00,759373824
2024-03-03 17:56:15,759373824
2024-03-03 17:56:30,759291904
2024-03-03 17:56:45,759488512
2024-03-03 17:57:00,764076032
2024-03-03 17:57:15,764076032
2024-03-03 17:57:30,763113472
2024-03-03 17:57:45,763097088
2024-03-03 17:58:00,762933248
2024-03-03 17:58:15,762933248
2024-03-03 17:58:30,762933248
2024-03-03 17:58:45,762933248
2024-03-03 17:59:00,758767616
2024-03-03 17:59:15,758767616
2024-03-03 17:59:30,758767616
2024-03-03 17:59:45,758767616
2024-03-03 18:00:00,758685696
2024-03-03 18:00:15,758685696
2024-03-03 18:00:30,758685696
2024-03-03 18:00:45,759324672
2024-03-03 18:01:00,759324672
2024-03-03 18:01:15,759324672
2024-03-03 18:01:30,759324672
2024-03-03 18:01:45,759152640
2024-03-03 18:02:00,759152640
2024-03-03 18:02:15,759152640
2024-03-03 18:02:30,759152640
2024-03-03 18:02:45,759070720
2024-03-03 18:03:00,759070720
2024-03-03 18:03:15,759070720
2024-03-03 18:03:30,759070720
2024-03-03 18:03:45,758980608
2024-03-03 18:04:00,758980608
2024-03-03 18:04:15,758980608
2024-03-03 18:04:30,759181312
2024-03-03 18:04:45,759181312
2024-03-03 18:05:00,759185408
2024-03-03 18:05:15,761307136
2024-03-03 18:05:30,761307136
2024-03-03 18:05:45,761311232
2024-03-03 18:06:00,761319424
2024-03-03 18:06:15,761233408
2024-03-03 18:06:30,761245696
2024-03-03 18:06:45,761257984
2024-03-03 18:07:00,761360384
2024-03-03 18:07:15,761274368
2024-03-03 18:07:30,761274368
2024-03-03 18:07:45,761270272
2024-03-03 18:08:00,761270272
2024-03-03 18:08:15,761192448
2024-03-03 18:08:30,761192448
2024-03-03 18:08:45,763232256
2024-03-03 18:09:00,786333696
2024-03-03 18:09:15,786087936
2024-03-03 18:09:30,800133120
2024-03-03 18:09:45,806277120
2024-03-03 18:10:00,818610176
2024-03-03 18:10:15,819879936
2024-03-03 18:10:30,820273152
2024-03-03 18:10:45,823029760
2024-03-03 18:11:00,823238656
2024-03-03 18:11:15,823894016
2024-03-03 18:11:30,826458112
2024-03-03 18:11:45,827650048
2024-03-03 18:12:00,827678720
2024-03-03 18:12:15,830136320
2024-03-03 18:12:30,829968384
2024-03-03 18:12:45,834666496
2024-03-03 18:13:00,834666496
2024-03-03 18:13:15,834666496
2024-03-03 18:13:30,833069056
2024-03-03 18:13:45,833036288
2024-03-03 18:14:00,844058624
2024-03-03 18:14:15,844058624
2024-03-03 18:14:30,846368768
2024-03-03 18:14:45,846868480
2024-03-03 18:15:00,854368256
2024-03-03 18:15:15,854687744
2024-03-03 18:15:30,854687744
2024-03-03 18:15:45,854687744
2024-03-03 18:16:00,854687744
2024-03-03 18:16:15,854511616
2024-03-03 18:16:30,854511616
2024-03-03 18:16:45,854642688
2024-03-03 18:17:00,854642688
2024-03-03 18:17:15,854556672
2024-03-03 18:17:30,854556672
2024-03-03 18:17:45,854556672
2024-03-03 18:18:00,854556672
2024-03-03 18:18:15,854470656
2024-03-03 18:18:30,854470656
2024-03-03 18:18:45,854470656
2024-03-03 18:19:00,854470656
2024-03-03 18:19:15,854392832
2024-03-03 18:19:30,854523904
2024-03-03 18:19:45,854523904
2024-03-03 18:20:00,856653824
2024-03-03 18:20:15,856657920
2024-03-03 18:20:30,856653824
2024-03-03 18:20:45,856653824
2024-03-03 18:21:00,856641536
2024-03-03 18:21:15,856715264
2024-03-03 18:21:30,856928256
2024-03-03 18:21:45,856928256
2024-03-03 18:22:00,856842240
2024-03-03 18:22:15,856842240
2024-03-03 18:22:30,856842240
2024-03-03 18:22:45,856842240
2024-03-03 18:23:00,856756224
2024-03-03 18:23:15,856756224
2024-03-03 18:23:30,859500544
2024-03-03 18:23:45,859906048
2024-03-03 18:24:00,859906048
2024-03-03 18:24:15,859906048
2024-03-03 18:24:30,859906048
2024-03-03 18:24:45,859815936
2024-03-03 18:25:00,859713536
2024-03-03 18:25:15,859713536
2024-03-03 18:25:30,859713536
2024-03-03 18:25:45,859758592
2024-03-03 18:26:00,859758592
2024-03-03 18:26:15,860270592
2024-03-03 18:26:30,859267072
2024-03-03 18:26:45,859250688
2024-03-03 18:27:00,859250688
2024-03-03 18:27:15,859078656
2024-03-03 18:27:30,859078656
2024-03-03 18:27:45,859078656
2024-03-03 18:28:00,859078656
2024-03-03 18:28:15,859463680
2024-03-03 18:28:30,859463680
2024-03-03 18:28:45,859463680
2024-03-03 18:29:00,859463680
2024-03-03 18:29:15,859385856
2024-03-03 18:29:30,859385856
2024-03-03 18:29:45,859664384
2024-03-03 18:30:00,859824128
2024-03-03 18:30:15,859820032
2024-03-03 18:30:30,859820032
2024-03-03 18:30:45,859820032
2024-03-03 18:31:00,859656192
2024-03-03 18:31:15,859656192
2024-03-03 18:31:30,859656192
2024-03-03 18:31:45,859656192
2024-03-03 18:32:00,859574272
2024-03-03 18:32:15,859574272
2024-03-03 18:32:30,859574272
2024-03-03 18:32:45,859574272
2024-03-03 18:33:00,859492352